Ticker,Current Assets,Quick Ratio,Debt To Equity Ratio,Total Debt To Total Capitalization Ratio,Debt To Assets Ratio,Net Debt To Equity Ratio,Return On Equity,Return On Assets,Return On Investment,Gross Profit Margin,Asset Turnover,Inventory Turnover,Receivables Turnover,GDP,Inflation,Unemployment,CCI
AAL,0.77933,0.797,0.97095,0.78588,0.76595,0.97098,0.87345,0.90951,0.9123,0.94853,0.97176,0.95331,0.86672,0.26509,0.25113,0.24285,0.24093
AAPL,0.89947,0.90857,0.72138,0.84202,0.81589,0.80565,0.90539,0.91024,0.91431,0.908,0.91094,0.775,0.8653,0.21879,0.2198,0.23272,0.3287
ABBV,0.83506,0.84931,0.74069,0.82065,0.9228,0.82916,0.73009,0.62281,0.69106,0.82418,0.90257,0.68145,0.84704,0.23295,0.224,0.21153,0.33152
ABNB,0.735,1.0,0.7398,0.675,0.739,1.0,0.807,0.726,0.739,0.663,0.6536,1.0,0.7566,0.15154,0.23089,0.17168,0.21512
ABT,0.86287,0.84875,0.92295,0.86715,0.92338,0.83752,0.6827,0.78776,0.71546,0.88899,0.82487,0.7806,0.79067,0.23634,0.26559,0.26928,0.22879
ACGL,1.0,1.0,0.81262,0.77516,0.87326,0.74004,0.72382,0.6182,0.67884,1.0,0.84204,1.0,0.66291,0.18265,0.16066,0.21613,0.13287
ACN,0.76408,1.0,0.93386,0.94105,0.93629,1.0,0.79001,0.5277,0.64451,0.6946,0.8939,1.0,0.89022,0.18116,0.18029,0.19549,0.21229
ADBE,,,,,,,,,,,,,,0.0,0.0,0.0,0.0
ADI,0.76933,0.74897,0.87296,0.8148,0.79595,0.80899,0.67468,0.85294,0.74871,0.75917,0.72555,0.62571,0.7876,0.23749,0.22698,0.27403,0.2615
ADM,0.77908,0.81169,0.93893,0.92559,0.91961,0.92129,0.92105,0.94977,0.9254,0.91914,0.96424,0.90573,0.80211,0.24255,0.27343,0.25425,0.22977
ADP,0.85147,1.0,0.84714,0.8558,0.81366,0.83048,0.88402,0.85261,0.88509,0.87431,0.79037,1.0,0.73946,0.19442,0.18451,0.21689,0.25033
ADSK,0.66681,1.0,0.86913,0.84174,0.86749,0.80777,0.91508,0.8594,0.80947,0.76108,0.70155,1.0,0.74014,0.2181,0.23736,0.17381,0.21688
AEE,0.64692,0.68002,0.92036,0.89902,0.92088,0.86403,0.8389,0.96907,0.90702,0.81186,0.7864,0.84363,0.55114,0.23744,0.23328,0.23334,0.29594
AEP,0.66863,0.76585,0.90509,0.83519,0.94779,0.93135,0.93332,0.92616,0.947,0.89356,0.84902,0.75976,0.94097,0.22629,0.23722,0.23834,0.29815
AES,0.65777,0.75334,0.87129,0.85263,0.92534,0.85565,0.67225,0.68279,0.71284,0.92839,0.69864,0.92744,0.76376,0.24064,0.23524,0.24705,0.27707
AFL,1.0,1.0,0.92732,0.92205,0.97573,0.89324,0.90286,0.89409,0.9437,1.0,0.94639,1.0,0.74824,0.16866,0.15802,0.19667,0.16895
AIG,1.0,1.0,0.63364,0.76952,0.84444,0.65761,0.78138,0.76808,0.7665,1.0,0.83559,1.0,0.8248,0.16597,0.17105,0.15326,0.20204
AIZ,1.0,1.0,0.88912,0.87301,0.82451,0.93632,0.76441,0.74927,0.77265,1.0,0.92159,1.0,0.66133,0.15342,0.14067,0.16081,0.2374
AJG,0.91712,1.0,0.84766,0.73181,0.94371,0.70416,0.75779,0.81434,0.68494,0.94917,0.892,1.0,0.92818,0.20982,0.21433,0.1726,0.2494
AKAM,0.87307,1.0,0.85178,0.82881,0.85891,0.77673,0.92214,0.92082,0.87145,0.93992,0.68298,1.0,0.98463,0.21199,0.24207,0.22975,0.16234
ALB,0.84589,0.81527,0.87197,0.75703,0.86434,0.83554,0.85031,0.89084,0.86063,0.63665,0.96469,0.78166,0.83009,0.2059,0.19822,0.2261,0.36978
ALGN,0.90847,0.93538,0.84016,0.83459,0.86932,1.0,0.85705,0.91373,0.94518,0.8221,0.74959,0.89919,0.74563,0.23114,0.22332,0.24599,0.22263
ALLE,0.88694,0.90594,0.62886,0.96284,0.74419,0.72907,0.71306,0.72392,0.7462,0.72398,0.84966,0.76998,0.67711,0.21906,0.23392,0.22553,0.32149
ALL,1.0,1.0,0.91726,0.98237,0.73903,0.94737,0.90469,0.94466,0.91615,1.0,0.83096,1.0,0.7002,0.14704,0.17577,0.19081,0.17868
AMAT,0.91227,0.90117,0.82078,0.8098,0.85504,0.92116,0.90076,0.85572,0.8564,0.7778,0.84767,0.6647,0.83029,0.22702,0.23974,0.27775,0.25549
AMCR,0.79568,0.80588,0.80807,0.85785,0.85356,0.79951,0.77214,0.6091,0.69351,0.80634,0.85905,0.79971,0.90464,0.23588,0.23827,0.28781,0.23804
AMD,0.66484,0.70631,0.96005,0.95422,0.94471,1.0,0.95817,0.95391,0.97556,0.74948,0.96385,0.8789,0.69166,0.22784,0.24373,0.2161,0.23541
AME,0.80585,0.7987,0.81844,0.69417,0.81179,0.80281,0.87843,0.87278,0.88686,0.84669,0.71481,0.93612,0.85598,0.21245,0.20438,0.22995,0.35323
AMGN,0.75309,0.89209,0.97296,0.9563,0.91204,0.93973,0.85529,0.77,0.82434,0.70679,0.71967,0.87779,0.89125,0.26941,0.25988,0.2337,0.237
AMT,0.78611,1.0,0.93673,0.80434,0.96604,0.89627,0.96394,0.94071,0.93535,0.87288,0.71536,1.0,0.70893,0.1965,0.2007,0.20439,0.24456
AMZN,0.7782,0.768,0.7566,0.7142,0.7782,0.7398,0.7196,0.768,0.686,0.708,0.686,0.768,0.7464,0.24934,0.25073,0.24098,0.25894
ANET,0.84752,0.89772,0.91371,0.88627,0.87864,1.0,0.84403,0.89959,0.83081,0.86647,0.85882,0.83904,0.85574,0.2255,0.24598,0.22498,0.22661
ANSS,0.7692,1.0,0.788,0.6974,0.735,0.822,0.759,0.766,0.7884,0.82,0.68,1.0,0.702,0.21661,0.20361,0.18928,0.23666
AON,0.76621,1.0,0.93743,0.90452,0.92751,0.85966,0.91326,0.87388,0.89933,0.87016,0.87547,1.0,0.93365,0.21349,0.21238,0.20933,0.21096
AOS,0.72069,0.83665,0.71232,0.72432,0.74363,1.0,0.65686,0.62785,0.58565,0.61767,0.95586,0.88689,0.9657,0.18491,0.17413,0.227,0.33704
APA,0.91064,0.93698,0.90878,0.92314,0.93721,0.98129,0.75699,0.90846,0.94164,0.91434,0.80571,0.86301,0.77812,0.22879,0.23192,0.22181,0.31748
APD,0.95137,0.93706,0.75617,0.73432,0.62749,0.90072,0.64632,0.62771,0.67284,0.88111,0.86406,0.90404,0.82624,0.2429,0.23739,0.21568,0.30403
APH,0.6559,0.86059,0.88198,0.90975,0.86758,0.78669,0.70375,0.95258,0.89271,0.94234,0.85981,0.90548,0.98391,0.24558,0.26688,0.24285,0.24469
APTV,0.90321,0.93426,0.77785,0.79191,0.85719,0.8946,0.69154,0.62893,0.71463,0.78481,0.74779,0.71701,0.76265,0.23074,0.21878,0.2256,0.32488
ARE,0.71589,1.0,0.81734,0.72245,0.7405,0.7301,0.89543,0.89056,0.92427,0.90386,0.71185,1.0,0.91884,0.19666,0.19998,0.22207,0.22744
ATO,0.64555,0.68351,0.76263,0.72293,0.71439,0.67999,0.92051,0.67711,0.7635,0.88226,0.84285,0.9301,0.73191,0.23972,0.24155,0.23331,0.28543
AVB,0.80697,1.0,0.6521,0.75416,0.73937,0.85058,0.64856,0.68108,0.73729,0.75479,0.91242,1.0,1.0,0.1588,0.16559,0.19474,0.2501
AVGO,0.88783,0.88289,0.63542,0.74244,0.75316,0.77446,0.95873,0.95389,0.95096,0.92681,0.95891,0.79979,0.81463,0.23732,0.22514,0.2477,0.28984
AVY,0.92046,0.86303,0.74057,0.88024,0.85811,0.80894,0.79423,0.75163,0.75576,0.87893,0.71053,0.90416,0.82291,0.22278,0.24284,0.2441,0.29028
AWK,0.8009,0.86561,0.74627,0.75472,0.70692,0.69977,0.77566,0.75072,0.64913,0.86215,0.9429,0.95542,0.75134,0.24404,0.23877,0.23832,0.27886
AXON,0.7496,0.7152,0.695,0.6364,0.7232,0.68,0.7574,0.767,0.695,0.719,0.759,0.6702,0.7166,0.22833,0.26401,0.23653,0.27113
AXP,,,,,,,,,,,,,,0.0,0.0,0.0,0.0
AZO,0.90801,0.94356,0.90689,0.93835,0.8552,0.91332,0.95687,0.90439,0.93404,0.92073,0.88267,0.72312,0.78118,0.2234,0.25263,0.25455,0.26942
A,0.63496,0.70418,0.661,0.67996,0.84313,0.6736,0.79513,0.87177,0.79518,0.70933,0.95113,0.93711,0.77324,0.20084,0.2135,0.23755,0.34811
BAC,,,,,,,,,,,,,,0.0,0.0,0.0,0.0
BALL,0.94423,0.91827,0.6365,0.8914,0.74845,0.83984,0.65038,0.74215,0.77262,0.87588,0.90016,0.72851,0.72503,0.22925,0.21608,0.19616,0.35851
BAX,0.94993,0.94239,0.81297,0.90332,0.81822,0.74906,0.65472,0.74834,0.66103,0.94545,0.73977,0.87504,0.64047,0.23919,0.20849,0.22542,0.3269
BA,0.93978,0.86983,0.78896,0.91914,0.77986,0.89444,0.87033,0.77549,0.87898,0.85905,0.92156,0.85801,0.84591,0.25414,0.26666,0.28977,0.18943
BBWI,0.79278,0.87069,0.85362,0.86159,0.84495,0.90611,0.87206,0.77979,0.83276,0.85021,0.91009,0.87675,0.80301,0.25575,0.25875,0.27078,0.21472
BBY,0.84495,0.92762,0.84112,0.84984,0.8462,1.0,0.74772,0.76101,0.8059,0.82297,0.90516,0.81932,0.67695,0.22616,0.19638,0.24129,0.25925
BDX,0.84866,0.91903,0.97008,0.93555,0.95467,0.89895,0.7373,0.73409,0.7987,0.72408,0.81368,0.73773,0.79063,0.23962,0.23204,0.24111,0.28723
BEN,0.90421,1.0,0.86571,0.93743,0.87108,0.86371,0.70516,0.76423,0.78959,0.69051,0.72495,1.0,0.83621,0.19305,0.19497,0.2242,0.23394
BG,0.79317,0.8181,0.94384,0.91271,0.87895,0.90382,0.74976,0.68348,0.70892,0.7417,0.87428,0.80359,0.82367,0.2416,0.26899,0.25652,0.23288
BIIB,0.74861,0.77937,0.9601,0.94548,0.96509,0.89102,0.6975,0.72525,0.75892,0.92729,0.92892,0.88598,0.97522,0.2385,0.2312,0.20722,0.32309
BIO,0.5888,0.7374,0.7196,0.8064,0.719,0.782,0.739,0.788,0.7782,0.7496,0.8396,0.7566,0.7782,0.26365,0.25068,0.23779,0.24788
BKNG,0.88462,1.0,0.68426,0.74801,0.61842,0.75638,0.70216,0.85952,0.85724,1.0,0.82696,1.0,0.88568,0.17955,0.19815,0.22521,0.16632
BKR,0.95054,0.94088,0.62327,0.8179,0.79187,0.82745,0.82417,0.81436,0.85492,0.89606,0.89343,0.80166,0.93211,0.24349,0.23185,0.24882,0.27585
BK,1.0,1.0,0.97341,0.96549,0.94007,1.0,0.79437,0.79122,0.86621,1.0,0.93027,1.0,0.92932,0.14679,0.13668,0.13824,0.19367
BLDR,0.80501,0.78226,0.84556,0.73842,0.82574,0.85461,0.7333,0.81254,0.81867,0.95417,0.65259,0.92636,0.78471,0.24235,0.24076,0.21197,0.30493
BMY,0.88096,0.90484,0.70568,0.90682,0.67004,0.81392,0.84987,0.79003,0.90871,0.80975,0.92934,0.81903,0.85908,0.23073,0.25104,0.27085,0.24737
BRO,0.95719,1.0,0.89306,0.82997,0.85749,0.91538,0.90994,0.67229,0.70476,0.887,0.86349,1.0,0.61093,0.19392,0.19042,0.19049,0.27132
BR,0.75651,1.0,0.881,0.60628,0.88583,0.82251,0.78798,0.81707,0.79582,0.85084,0.80646,1.0,0.70668,0.24142,0.23433,0.21994,0.15046
BSX,0.8588,0.87364,0.92368,0.94324,0.87563,0.79044,0.77443,0.73242,0.83116,0.78631,0.94342,0.86045,0.8227,0.24782,0.25173,0.2688,0.23165
BWA,0.7503,0.68947,0.68432,0.69783,0.6838,0.85446,0.93505,0.92041,0.90709,0.66102,0.84345,0.88825,0.93911,0.24365,0.23109,0.24949,0.27578
BXP,0.72002,1.0,0.85955,0.80016,0.82534,0.87201,0.71899,0.76628,0.72756,0.72055,0.72578,1.0,0.78229,0.21644,0.23777,0.22442,0.16752
BX,1.0,1.0,0.97256,0.95343,0.92186,0.94032,0.75717,0.79693,0.73514,1.0,0.84884,1.0,1.0,0.15087,0.14463,0.15517,0.16472
CAG,0.65467,0.83507,0.68399,0.8051,0.71091,0.7225,0.84122,0.82353,0.81627,0.85011,0.87376,0.87591,0.88595,0.23699,0.21499,0.30941,0.23861
CAH,0.81243,0.82059,0.80991,0.73358,0.87364,0.81945,0.71642,0.76511,0.6682,0.90908,0.8424,0.86832,0.77513,0.22395,0.22287,0.24963,0.30354
CARR,0.77583,0.73535,0.74925,0.74154,0.63558,0.93829,0.71371,0.65635,0.67119,0.81088,0.70427,0.81838,0.68998,0.20157,0.21474,0.19374,0.38994
CAT,0.92393,0.94243,0.80842,0.83417,0.88227,0.6519,0.8526,0.8891,0.85776,0.81549,0.93275,0.78402,0.95745,0.24973,0.23496,0.30561,0.2097
CBOE,0.70918,1.0,0.80727,0.80112,0.80448,0.60718,0.62502,0.68117,0.70134,0.71531,0.56369,1.0,0.85252,0.16225,0.13997,0.15309,0.39084
CBRE,0.86491,1.0,0.7219,0.81134,0.77094,0.76842,0.65726,0.63777,0.70535,0.75062,0.89959,1.0,0.76716,0.2088,0.18822,0.18185,0.26729
CB,1.0,1.0,0.59273,0.73893,0.83805,0.73474,0.77603,0.69477,0.77174,1.0,0.90463,1.0,0.78723,0.1614,0.18247,0.1601,0.18835
CCI,0.91947,1.0,0.91646,0.94161,0.90801,0.91963,0.95846,0.93954,0.9527,0.92412,0.95285,1.0,0.74211,0.1986,0.21725,0.23771,0.1926
CCL,0.91937,0.9285,0.94264,0.86588,0.85205,0.92721,0.81965,0.88325,0.85363,0.85948,0.90269,0.90101,0.867,0.24739,0.26687,0.26661,0.21913
CDNS,0.96634,0.96402,0.89452,0.89875,0.91329,1.0,0.96,0.88445,0.93035,0.71771,0.86747,0.84684,0.84032,0.19076,0.209,0.22412,0.29919
CDW,0.81974,0.77278,0.74515,0.87142,0.86152,0.82425,0.79508,0.70095,0.85193,0.92712,0.7013,0.94004,0.72486,0.22787,0.24436,0.24588,0.2819
CEG,0.74389,0.72708,0.7043,0.70179,0.72061,0.69634,0.73887,0.77302,0.72575,0.92502,0.94643,0.812,0.72619,0.2118,0.21185,0.23896,0.33739
CE,0.77471,0.79728,0.93662,0.93162,0.95858,0.92753,0.96088,0.96313,0.9489,0.65478,0.86532,0.84913,0.76214,0.25419,0.22267,0.24088,0.28226
CF,0.96509,0.96335,0.9568,0.943,0.91115,0.92723,0.80352,0.84675,0.83348,0.8628,0.78261,0.91398,0.71802,0.19558,0.2135,0.23863,0.35229
CHD,0.87733,0.89438,0.70538,0.85265,0.64518,0.74112,0.92823,0.84812,0.86316,0.82281,0.79047,0.72599,0.71945,0.22936,0.21924,0.22405,0.32734
CHRW,0.84167,1.0,0.91735,0.84403,0.94524,0.90666,0.69478,0.61861,0.62614,0.65566,0.84131,1.0,0.86428,0.16986,0.16033,0.16688,0.34908
CHTR,0.7765,1.0,0.92649,0.89102,0.89757,0.92045,0.91158,0.77316,0.83357,0.86386,0.90075,1.0,0.82707,0.18644,0.21066,0.21139,0.23767
CI,1.0,1.0,0.67562,0.65021,0.73303,0.69017,0.69186,0.68575,0.72953,1.0,0.97018,1.0,0.93645,0.15416,0.15703,0.16011,0.22101
CLX,0.7588,0.86832,0.7727,0.66667,0.74476,0.78275,0.88888,0.84067,0.80117,0.84049,0.89149,0.79079,0.88256,0.22466,0.2265,0.32541,0.22342
CL,0.85591,0.92628,0.88764,0.77719,0.85381,0.90992,0.7365,0.8143,0.91119,0.93917,0.85296,0.81212,0.86848,0.23007,0.20641,0.21326,0.35026
CMCSA,0.90469,1.0,0.71399,0.75507,0.63667,0.83671,0.65629,0.64736,0.67764,0.85873,0.93165,1.0,0.66808,0.1993,0.19226,0.18337,0.27123
CME,0.74919,1.0,0.78904,0.93008,0.71532,0.83213,0.84583,0.79456,0.89735,0.94111,0.68634,1.0,0.88017,0.22937,0.19461,0.21572,0.20645
CMG,0.82233,0.8563,0.76654,0.74276,0.70187,1.0,0.94568,0.93379,0.95616,0.88905,0.95572,0.90405,0.91513,0.217,0.22917,0.22686,0.25005
CMI,0.95125,0.96138,0.93359,0.8955,0.84786,0.92205,0.80195,0.79923,0.81353,0.80374,0.7084,0.74358,0.67499,0.21873,0.22928,0.25857,0.29342
CMS,0.71195,0.71058,0.75175,0.76568,0.93543,0.72998,0.81443,0.81527,0.72713,0.76741,0.72167,0.94375,0.76603,0.2232,0.22593,0.24577,0.30511
CNC,0.68642,1.0,0.73538,0.68811,0.72436,0.71361,0.7154,0.57605,0.72145,0.84196,0.94505,1.0,0.75656,0.22783,0.21131,0.18805,0.21897
CNP,0.73075,0.73766,0.79063,0.81931,0.90644,0.89627,0.77036,0.76789,0.68212,0.76582,0.71916,0.91691,0.66213,0.23178,0.22268,0.25252,0.29302
COF,1.0,1.0,0.72999,0.8107,0.86836,0.78345,0.85611,0.86896,0.88225,1.0,0.8388,1.0,0.81614,0.1581,0.14325,0.20444,0.18653
COO,0.67086,0.67891,0.70571,0.71017,0.70462,0.66288,0.82778,0.76503,0.73441,0.69405,0.84203,0.88672,0.95016,0.2522,0.24393,0.24747,0.2564
COP,0.81965,0.84745,0.92041,0.94901,0.91688,0.9391,0.89471,0.89737,0.84096,0.8778,0.84611,0.866,0.93062,0.22469,0.22352,0.22399,0.32781
COR,0.8774,0.80591,0.67362,0.696,0.81616,0.70175,0.71225,0.67415,0.85667,0.89711,0.81786,0.80441,0.84038,0.19839,0.22021,0.27638,0.30501
COST,0.701,0.80265,0.91409,0.90062,0.95432,1.0,0.83628,0.90687,0.85181,0.965,0.89113,0.75076,0.85453,0.20024,0.19237,0.23388,0.29659
CPAY,0.67424,1.0,0.85456,0.87942,0.81292,0.85895,0.87695,0.82322,0.93435,0.65348,0.97514,1.0,0.65743,0.1864,0.20094,0.16262,0.29619
CPB,0.67389,0.90295,0.90325,0.8214,0.88043,0.94299,0.90642,0.87618,0.91384,0.94821,0.79564,0.96922,0.90779,0.23272,0.23626,0.2611,0.26993
CPRT,0.93013,0.88289,0.92531,0.9506,0.97011,1.0,0.94622,0.66605,0.82444,0.7568,0.63976,0.63717,0.72406,0.22249,0.24228,0.22717,0.23113
CPT,0.87215,1.0,0.91772,0.8246,0.85723,0.67337,0.88032,0.88037,0.86205,0.94767,0.8552,1.0,0.93214,0.19539,0.18216,0.18785,0.28076
CRL,0.72338,0.70349,0.78504,0.72975,0.77123,0.79148,0.7869,0.74944,0.69975,0.77531,0.76803,0.78341,0.81677,0.25486,0.26007,0.24591,0.23915
CRM,0.68801,1.0,0.84385,0.72216,0.80841,0.81734,0.81517,0.83594,0.69175,0.87892,0.79982,1.0,0.80702,0.22637,0.20577,0.19458,0.21943
CRWD,0.84594,1.0,0.91189,0.81293,0.86032,1.0,0.83143,0.8112,0.87153,0.66964,0.86163,1.0,0.77711,0.23784,0.22021,0.11947,0.19171
CSCO,0.84959,0.87025,0.89851,0.90059,0.86667,0.73446,0.67248,0.70072,0.74299,0.87629,0.82698,0.86265,0.87718,0.27038,0.24785,0.23551,0.24625
CSGP,0.78959,1.0,0.9581,0.95996,0.96183,1.0,0.8127,0.90507,0.90093,0.90922,0.80491,1.0,0.92176,0.17421,0.17274,0.18533,0.23696
CSX,0.89013,0.87135,0.94339,0.9184,0.86899,0.92129,0.90231,0.83245,0.85096,0.92488,0.91873,0.63926,0.72675,0.22638,0.22574,0.26736,0.28052
CTAS,0.85168,0.8677,0.82117,0.85698,0.82555,0.80631,0.83571,0.84355,0.76545,0.77645,0.83209,0.85017,0.86553,0.27155,0.25715,0.22053,0.25077
CTLT,0.82325,0.76734,0.83675,0.83276,0.86696,0.88416,0.74044,0.74143,0.80628,0.7307,0.64505,0.86899,0.90409,0.26711,0.27356,0.26842,0.19091
CTRA,0.63353,0.7118,0.92894,0.8528,0.90676,0.89277,0.79401,0.80838,0.81764,0.76213,0.78781,0.80942,0.80141,0.18264,0.20708,0.23574,0.37454
CTSH,0.93277,1.0,0.90084,0.90595,0.90271,1.0,0.75158,0.88021,0.72774,0.83285,0.87464,1.0,0.92151,0.19169,0.20202,0.19093,0.1846
CTVA,0.93876,0.9531,0.80804,0.83443,0.7564,1.0,0.76182,0.75352,0.73288,0.71856,0.9142,0.90593,0.74732,0.23204,0.22007,0.24391,0.22705
CVS,0.66352,0.83747,0.81593,0.86595,0.85892,0.75698,0.68287,0.66574,0.73769,0.90271,0.96132,0.78059,0.76245,0.21488,0.21863,0.24088,0.3256
CVX,0.82626,0.77107,0.94403,0.93851,0.94232,0.9397,0.8732,0.88211,0.88167,0.90034,0.92599,0.8731,0.90125,0.2104,0.21924,0.24753,0.32282
CZR,0.9415,0.90577,0.76607,0.8982,0.87379,0.72752,0.80071,0.78893,0.83457,0.74742,0.91739,0.80696,0.83662,0.23421,0.25697,0.24089,0.26793
C,1.0,1.0,0.675,0.7182,0.728,0.7766,0.686,0.7398,0.7496,1.0,0.795,1.0,0.7894,0.18136,0.16067,0.16818,0.1821
DAL,0.92888,0.94035,0.95514,0.85254,0.92126,0.8879,0.87837,0.83312,0.88659,0.88613,0.95653,0.93538,0.91511,0.23625,0.24293,0.25979,0.26103
DAY,0.68295,1.0,0.83598,0.86277,0.79274,0.72536,0.71187,0.76188,0.70206,0.69427,0.91022,1.0,0.70554,0.20327,0.20337,0.19963,0.23989
DD,0.69601,0.71051,0.9496,0.96575,0.88678,0.94346,0.72181,0.73221,0.7205,0.67462,0.9221,0.75685,0.86576,0.25293,0.24188,0.24193,0.26325
DECK,0.53764,0.73308,0.77114,0.7572,0.77576,1.0,0.71047,0.84649,0.78879,0.86763,0.88173,0.88757,0.79021,0.22022,0.26103,0.20736,0.23446
DE,0.95556,0.9544,0.81187,0.66456,0.67342,0.77147,0.88944,0.90933,0.8992,0.70952,0.95278,0.74355,0.77833,0.27069,0.25304,0.25796,0.21831
DFS,1.0,1.0,0.651,0.7166,0.768,0.675,0.6632,0.8,0.7478,1.0,0.702,1.0,0.603,0.1824,0.17552,0.1797,0.15469
DGX,0.93871,0.95223,0.91833,0.88372,0.89594,0.9501,0.8576,0.88679,0.8434,0.90233,0.65705,0.72203,0.84823,0.24995,0.24977,0.25086,0.24942
DG,0.7099,0.85414,0.83286,0.88449,0.87534,0.89141,0.70495,0.78535,0.76583,0.83387,0.77472,0.87632,1.0,0.24812,0.28052,0.21179,0.18265
DHI,0.66426,0.76719,0.88958,0.89226,0.88472,0.65911,0.68962,0.67767,0.69652,0.80553,0.71173,0.67179,1.0,0.21252,0.20897,0.2288,0.27278
DHR,0.72554,0.65823,0.92895,0.95232,0.95274,0.91904,0.6747,0.7166,0.70446,0.79745,0.63164,0.72005,0.9266,0.22772,0.24202,0.22829,0.30197
DIS,0.84342,0.90171,0.93796,0.96109,0.96178,0.90093,0.89113,0.88965,0.78808,0.8616,0.93938,0.70497,0.95005,0.2257,0.22968,0.23455,0.31007
DLR,0.70502,1.0,0.91127,0.9238,0.94149,0.82947,0.78356,0.69611,0.76375,0.88057,0.74758,1.0,0.94563,0.20481,0.20373,0.22091,0.21671
DOC,0.78585,1.0,0.84032,0.85853,0.88113,0.85789,0.74108,0.70636,0.73076,0.79454,0.91173,1.0,0.73762,0.22865,0.20892,0.20254,0.20604
DOV,0.67998,0.75289,0.68064,0.67411,0.67104,0.61396,0.67891,0.76125,0.7388,0.89426,0.74505,0.8155,0.78044,0.20461,0.20611,0.21521,0.37406
DOW,0.85597,0.70416,0.87973,0.86724,0.72346,0.85237,0.71049,0.68467,0.6896,0.72827,0.79656,0.7048,0.95095,0.2483,0.22139,0.23927,0.29104
DPZ,0.83909,0.83627,0.77764,0.65608,0.82643,0.83458,0.82973,0.77324,0.92799,0.75176,0.81494,0.93537,0.63916,0.21525,0.21699,0.24259,0.32517
DRI,0.80232,0.81959,0.79445,0.85612,0.77876,0.87294,0.84255,0.81296,0.82562,0.69304,0.76687,0.73409,0.81079,0.26774,0.23181,0.25519,0.24526
DTE,0.81809,0.8006,0.77139,0.78362,0.7967,0.79693,0.70095,0.66464,0.70924,0.63594,0.72515,0.80789,0.71471,0.2513,0.24957,0.2374,0.26173
DUK,0.94587,0.94878,0.92867,0.9441,0.88726,0.91645,0.77913,0.73479,0.80738,0.85659,0.95724,0.81272,0.83368,0.24331,0.22441,0.25197,0.28031
DVA,0.90701,0.89152,0.70053,0.69301,0.65652,0.71896,0.7418,0.86345,0.87099,0.73535,0.86598,0.82342,0.75081,0.24725,0.21893,0.22249,0.31133
DVN,0.86954,0.86059,0.89635,0.86223,0.88085,0.88844,0.69587,0.70658,0.74052,0.72789,0.73194,0.65833,0.75818,0.28297,0.26577,0.18799,0.26326
DXCM,0.92306,0.95477,0.77358,0.87855,0.89482,0.90642,0.69236,0.76403,0.66571,0.88374,0.93012,0.69028,0.90012,0.24575,0.23247,0.25055,0.27124
D,0.78305,0.79659,0.82995,0.89766,0.70757,0.83905,0.76949,0.76577,0.71136,0.82968,0.72779,0.69646,0.82628,0.26366,0.25667,0.24332,0.23635
EA,0.83629,1.0,0.84121,0.9161,0.83219,1.0,0.82725,0.7555,0.76748,0.83287,0.88128,1.0,0.72872,0.20047,0.22859,0.16008,0.18008
EBAY,0.91707,1.0,0.74064,0.69623,0.65448,0.78838,0.90491,0.87755,0.90141,0.91842,0.78468,1.0,0.86539,0.17714,0.19635,0.20766,0.26501
ECL,0.89637,0.88534,0.6733,0.69206,0.69309,0.67537,0.81155,0.84852,0.88788,0.77254,0.83798,0.66876,0.86686,0.2331,0.24425,0.24458,0.27807
ED,0.85181,0.89421,0.96028,0.83321,0.8831,0.93888,0.89293,0.87342,0.88263,0.9262,0.87952,0.91381,0.80819,0.24974,0.24777,0.2729,0.22959
EFX,0.81329,1.0,0.72641,0.82189,0.74857,0.75302,0.80717,0.78007,0.8452,0.87155,0.68947,1.0,0.95127,0.22238,0.2144,0.2127,0.19666
EG,1.0,1.0,0.66258,0.74337,0.75406,0.75272,0.73018,0.59369,0.73885,1.0,0.71637,1.0,0.67105,0.15012,0.16449,0.14215,0.23555
EIX,0.89063,0.90647,0.96488,0.93925,0.91782,0.94931,0.72934,0.7486,0.72858,0.66877,0.77881,0.72436,0.86465,0.24984,0.24643,0.25159,0.25215
ELV,1.0,1.0,0.83089,0.86922,0.68636,0.67117,0.74909,0.73077,0.65997,1.0,0.93652,1.0,0.86899,0.17257,0.15932,0.16548,0.19494
EL,0.89275,0.78698,0.82557,0.88596,0.8539,0.84051,0.84928,0.85971,0.82064,0.82232,0.7895,0.84085,0.85113,0.25742,0.27999,0.23213,0.23046
EMN,0.9297,0.92841,0.74887,0.74931,0.68879,0.77537,0.85698,0.86811,0.84973,0.8752,0.79905,0.87421,0.95473,0.21629,0.20932,0.2309,0.34349
EMR,0.64232,0.69978,0.88273,0.69275,0.80951,0.71284,0.68222,0.75893,0.73411,0.88487,0.93879,0.79708,0.8259,0.28403,0.2642,0.25206,0.19972
ENPH,0.76181,0.79748,0.87089,0.79973,0.81921,0.86934,0.86674,0.85147,0.86038,0.81919,0.64042,0.85368,0.92182,0.27083,0.24149,0.23691,0.25077
EOG,,,,,,,,,,,,,,0.0,0.0,0.0,0.0
EPAM,0.73884,1.0,0.91241,0.94437,0.93121,1.0,0.88432,0.90181,0.91572,0.94762,0.82406,1.0,0.7497,0.17047,0.20428,0.18651,0.20797
EQIX,0.66117,1.0,0.8686,0.90435,0.77069,0.92204,0.91772,0.89682,0.92311,0.72298,0.8617,1.0,0.82728,0.19111,0.20131,0.22514,0.22859
EQR,0.72561,1.0,0.94871,0.94677,0.98209,0.9648,0.8363,0.80379,0.81385,0.75756,0.87036,1.0,1.0,0.17735,0.20318,0.18396,0.20474
EQT,0.88063,1.0,0.81877,0.81128,0.91612,0.94579,0.95115,0.96887,0.95443,0.79092,0.76376,1.0,0.91397,0.21577,0.21349,0.20135,0.21554
ES,0.75042,0.79633,0.86668,0.87563,0.87202,0.86051,0.78195,0.78513,0.75502,0.90881,0.89924,0.85849,0.87897,0.24689,0.29329,0.25738,0.20245
ETN,0.66591,0.71082,0.89969,0.9436,0.90207,0.86304,0.9113,0.8788,0.91577,0.8924,0.9404,0.73296,0.97702,0.2589,0.25478,0.26224,0.22409
ETR,0.64082,0.77622,0.89933,0.85323,0.75046,0.80946,0.71975,0.66724,0.7179,0.74746,0.88508,0.78048,0.95176,0.22812,0.25124,0.28011,0.24054
ETSY,0.74526,1.0,0.84121,0.84452,0.88415,0.92081,0.70113,0.71053,0.68463,0.81568,0.85065,1.0,0.71162,0.20171,0.20309,0.17085,0.27051
EVRG,0.84496,0.92283,0.90975,0.90492,0.93444,0.90506,0.74097,0.75733,0.71286,0.71857,0.68879,0.9529,0.82634,0.24247,0.2359,0.24014,0.28149
EW,0.69913,0.79238,0.8538,0.81034,0.84488,1.0,0.74172,0.73862,0.72203,0.88858,0.94025,0.62814,0.87914,0.21789,0.22271,0.23296,0.24952
EXC,0.87845,0.89989,0.93837,0.92672,0.8688,0.93255,0.96013,0.88867,0.93188,0.84824,0.67139,0.79175,0.88979,0.25125,0.23245,0.24355,0.27275
EXPD,0.77411,1.0,0.83463,0.83383,0.81185,1.0,0.74732,0.7565,0.72011,0.80051,0.81988,1.0,0.89025,0.16459,0.18296,0.15396,0.26773
EXPE,0.88506,1.0,0.73191,0.73061,0.93007,0.87521,0.89827,0.9275,0.91398,0.88628,0.96257,1.0,0.92562,0.2201,0.21701,0.1932,0.21584
EXR,0.73743,1.0,0.72405,0.69457,0.72817,0.67775,0.77514,0.75113,0.76982,0.57319,0.75302,1.0,0.65715,0.21372,0.22722,0.21536,0.18985
FANG,0.72485,0.68126,0.93437,0.94567,0.94062,0.91963,0.84439,0.83951,0.9075,0.81117,0.87588,0.86686,0.81198,0.21499,0.2237,0.23405,0.32726
FAST,0.72471,0.60517,0.72508,0.6536,0.75457,0.6457,0.94988,0.92023,0.89663,0.70113,0.90616,0.78093,0.79147,0.23609,0.25716,0.26577,0.24097
FCX,0.93388,0.77172,0.84222,0.81989,0.78274,0.78247,0.70421,0.73999,0.76742,0.84161,0.76655,0.68655,0.69111,0.2612,0.22811,0.2754,0.23529
FDS,0.7068,1.0,0.759,0.7398,0.8028,0.7502,0.8384,0.779,0.6828,0.7848,0.782,1.0,0.7142,0.20919,0.21904,0.20835,0.20958
FDX,0.89833,0.85712,0.80947,0.86639,0.69367,0.83488,0.8354,0.83932,0.90352,0.58198,0.72206,0.89298,0.83049,0.26028,0.26363,0.23214,0.24395
FE,0.92872,0.94226,0.93408,0.88771,0.86265,0.93116,0.88019,0.80583,0.8357,0.95117,0.95679,0.90473,0.97066,0.22148,0.20115,0.22972,0.34765
FFIV,0.75063,0.77412,0.80131,0.77615,0.90601,1.0,0.73444,0.57812,0.7445,0.89388,0.75006,0.82704,0.9406,0.24295,0.22276,0.2001,0.25727
FICO,0.8591,1.0,0.71716,0.89535,0.94062,0.7674,0.68924,0.86716,0.88682,0.93778,0.95193,1.0,0.75301,0.20404,0.19799,0.21601,0.22812
FIS,0.71337,1.0,0.931,0.93392,0.95244,0.92568,0.89478,0.89076,0.91849,0.88623,0.82469,1.0,0.91831,0.1937,0.20763,0.21778,0.22705
FITB,1.0,1.0,0.8792,0.91994,0.84768,0.88487,0.82223,0.83631,0.72046,1.0,0.97911,1.0,0.68199,0.15538,0.15407,0.19557,0.18728
FI,0.82272,1.0,0.86097,0.86662,0.9544,0.86377,0.95312,0.98212,0.94205,0.92166,0.74548,1.0,0.92633,0.20201,0.20662,0.22236,0.21517
FMC,0.70011,0.78624,0.88623,0.93889,0.63621,0.89021,0.77763,0.82495,0.83329,0.9593,0.71242,0.86668,0.64676,0.25626,0.2653,0.24418,0.23426
FOXA,0.79192,0.67088,0.77415,0.7497,0.76453,0.82789,0.8406,0.88894,0.86343,1.0,0.8911,1.0,0.68407,0.18955,0.17489,0.22301,0.25869
FOX,0.76827,0.83135,0.70361,0.78176,0.77996,0.86472,0.89267,0.83322,0.85106,1.0,0.85926,1.0,0.77496,0.19158,0.1958,0.20466,0.2541
FRT,0.72048,1.0,0.85997,0.94441,0.80319,0.67785,0.74066,0.77369,0.78286,0.8446,0.91752,1.0,0.68309,0.19233,0.18166,0.19637,0.27579
FSLR,0.72663,0.77487,0.7034,0.68644,0.73558,1.0,0.75846,0.66411,0.70095,0.67665,0.9464,0.67611,0.74157,0.17166,0.18057,0.17784,0.39301
FTNT,0.87632,0.81697,0.84791,0.89222,0.81986,1.0,0.74041,0.8516,0.83563,0.6815,0.8112,0.85024,0.75672,0.23027,0.2138,0.27251,0.2065
FTV,0.68451,0.67634,0.94471,0.97469,0.95264,0.83018,0.78177,0.83039,0.78006,0.89833,0.92981,0.91874,0.9108,0.25661,0.23784,0.25783,0.24773
F,0.71565,0.91321,0.81319,0.69126,0.76825,0.85401,0.71083,0.77676,0.7237,0.78753,0.96553,0.76843,0.77626,0.26903,0.24034,0.26955,0.22109
GDDY,0.72531,1.0,0.79096,0.66992,0.72656,0.82709,0.73447,0.8539,0.85881,0.9145,0.93848,1.0,0.77153,0.18886,0.18409,0.20713,0.26607
GD,0.74612,0.87752,0.92367,0.87611,0.94171,0.90556,0.86325,0.70858,0.7092,0.69921,0.81363,0.79573,0.8915,0.25038,0.22946,0.27598,0.24417
GEHC,0.7574,0.8028,0.635,0.6848,0.815,0.6702,0.6974,0.7356,0.7496,0.75,0.768,0.8102,0.7598,0.24016,0.26088,0.26086,0.23809
GEN,0.78965,1.0,0.80158,0.85757,0.75337,0.74118,0.7895,0.83355,0.82032,0.7984,0.85597,1.0,0.69292,0.2093,0.19665,0.19994,0.24026
GEV,,,,,,,,,,,,,,0.0,0.0,0.0,0.0
GE,0.91715,0.94086,0.87854,0.84782,0.86769,0.88207,0.73565,0.78178,0.77574,0.85676,0.81915,0.72509,0.81383,0.25195,0.23845,0.28818,0.22143
GILD,0.73922,0.69212,0.90018,0.84938,0.8092,0.88584,0.85027,0.8277,0.72412,0.69409,0.9361,0.72419,0.82226,0.24605,0.21121,0.25021,0.29253
GIS,0.79284,0.81728,0.84423,0.84389,0.86371,0.82014,0.77949,0.83826,0.82695,0.90358,0.90057,0.87018,0.87725,0.20741,0.22809,0.28319,0.28131
GLW,0.82745,0.88529,0.79937,0.82047,0.7061,0.88534,0.71511,0.7105,0.65032,0.73429,0.7789,0.768,0.9222,0.23767,0.2489,0.24958,0.26384
GL,1.0,1.0,0.97998,0.96599,0.9388,0.9388,0.92125,0.81976,0.95634,1.0,0.96101,1.0,1.0,0.16219,0.15365,0.14848,0.15106
GM,0.79338,0.74146,0.8471,0.83388,0.89069,0.81922,0.74868,0.68422,0.78738,0.64902,0.9462,0.74598,0.90553,0.24506,0.23007,0.26492,0.25995
GNRC,0.72198,0.74636,0.74437,0.67777,0.7207,0.92829,0.93118,0.94487,0.94045,0.95009,0.82751,0.88226,0.86771,0.23411,0.24158,0.23112,0.29318
GOOGL,0.82996,0.82653,0.77832,0.69649,0.74865,1.0,0.69361,0.66372,0.68736,0.75184,0.82715,0.77965,0.89777,0.24303,0.23443,0.22693,0.21868
GOOG,0.86606,0.8608,0.7609,0.65506,0.77713,1.0,0.73845,0.70936,0.60053,0.65599,0.89568,0.81424,0.89693,0.21955,0.23716,0.23523,0.23114
GPC,0.50715,0.56384,0.80128,0.80167,0.7905,0.93309,0.80278,0.93055,0.86738,0.85676,0.81715,0.9262,0.89228,0.2217,0.23238,0.2603,0.28561
GPN,0.82219,1.0,0.94255,0.95002,0.94388,0.91875,0.64245,0.7509,0.70236,0.88236,0.90046,1.0,0.84085,0.18289,0.18373,0.20068,0.27884
GRMN,0.86099,0.73551,0.90479,0.86045,0.88667,1.0,0.78645,0.68255,0.78734,0.93632,0.72468,0.88541,0.90438,0.21921,0.19533,0.19694,0.31159
GS,1.0,1.0,0.9148,0.71408,0.7917,0.80155,0.79351,0.84054,0.78242,1.0,0.92357,1.0,0.93608,0.16865,0.16231,0.18091,0.18044
GWW,0.67322,0.67955,0.8702,0.90349,0.9393,0.88069,0.91352,0.93797,0.95084,0.94766,0.9048,0.87023,0.82492,0.24092,0.25562,0.25198,0.25149
HAL,0.83512,0.86488,0.9228,0.92906,0.94834,0.88917,0.82871,0.81294,0.81492,0.95307,0.95082,0.93932,0.676,0.22866,0.25784,0.26655,0.24695
HAS,0.89936,0.93772,0.68346,0.67342,0.79263,0.78955,0.72533,0.7758,0.75785,0.75551,0.81826,0.62811,0.91732,0.26567,0.27799,0.25139,0.20495
HBAN,1.0,1.0,0.7084,0.6894,0.739,0.675,0.8294,0.7692,0.6828,1.0,0.755,1.0,0.788,0.16121,0.18227,0.19104,0.15779
HCA,0.81547,0.83189,0.84519,0.94752,0.91701,0.8059,0.82714,0.71674,0.78543,0.87066,0.81202,0.83189,0.95292,0.21259,0.21639,0.24936,0.32167
HD,0.7246,0.85487,0.86068,0.77476,0.83727,0.76686,0.78983,0.79046,0.85067,0.81829,0.85295,0.87535,0.8337,0.19991,0.19596,0.25668,0.34745
HES,0.77209,0.68797,0.96092,0.96259,0.90715,0.90997,0.8858,0.91318,0.85486,0.88198,0.90475,0.8738,0.84205,0.24454,0.22841,0.2467,0.28035
HIG,1.0,1.0,0.87408,0.88291,0.76441,0.90628,0.8715,0.70441,0.79611,1.0,0.91851,1.0,0.86303,0.1454,0.15116,0.16386,0.23189
HII,0.92691,0.97982,0.87735,0.76487,0.68411,0.75408,0.8801,0.76086,0.7997,0.83183,0.73835,0.83342,0.62446,0.24013,0.24827,0.25115,0.26045
HLT,0.87162,1.0,0.78132,0.71279,0.77238,0.70958,0.87205,0.87434,0.93758,0.70999,0.94876,1.0,0.94482,0.2102,0.21428,0.19197,0.2297
HOLX,0.94558,0.95462,0.93589,0.94744,0.93051,0.97175,0.90504,0.84576,0.85248,0.78609,0.77234,0.87463,0.89075,0.25765,0.29074,0.24412,0.20749
HON,0.93041,0.90764,0.64949,0.70379,0.68601,0.85914,0.82061,0.78135,0.83848,0.91231,0.95341,0.75982,0.6585,0.24707,0.23052,0.27068,0.25173
HPE,0.81342,0.91583,0.81003,0.78542,0.88985,0.86963,0.65445,0.66373,0.70405,0.84234,0.81298,0.81587,0.69154,0.24308,0.23496,0.27408,0.24788
HPQ,0.90793,0.90602,0.80921,0.92808,0.92893,0.84044,0.69526,0.78968,0.87085,0.696,0.81618,0.83879,0.92947,0.23738,0.23295,0.26798,0.26169
HRL,0.67989,0.64205,0.86487,0.70408,0.86429,0.82758,0.69886,0.70596,0.76525,0.57692,0.67541,0.83453,0.84809,0.26745,0.23613,0.2482,0.24821
HSIC,0.77892,0.59195,0.81683,0.87743,0.86844,0.8721,0.74326,0.74912,0.77873,0.91345,0.70116,0.82308,0.69525,0.24353,0.25227,0.25646,0.24775
HST,0.94023,1.0,0.95298,0.91516,0.9704,0.75208,0.93205,0.94628,0.94519,0.89163,0.94459,1.0,1.0,0.19177,0.18002,0.1985,0.19893
HSY,0.85484,0.87565,0.93746,0.74984,0.94474,0.90509,0.90941,0.91608,0.95464,0.85166,0.94151,0.80337,0.84956,0.21192,0.23625,0.25826,0.29357
HUBB,0.64486,0.67243,0.72074,0.68743,0.62599,0.64652,0.95321,0.97797,0.95725,0.83857,0.79027,0.75579,0.77344,0.2314,0.23284,0.2478,0.28796
HUM,1.0,1.0,0.76686,0.82199,0.75427,0.86369,0.87984,0.86385,0.8554,1.0,0.7343,1.0,0.70719,0.17017,0.16554,0.19842,0.15819
HWM,0.79241,0.86943,0.86786,0.90698,0.84497,0.7795,0.90086,0.91677,0.91829,0.82978,0.92764,0.85021,0.93788,0.26048,0.24896,0.27508,0.21548
IBM,0.61872,0.64268,0.92672,0.91648,0.87242,0.95299,0.6189,0.64724,0.76699,0.78615,0.90376,0.8328,0.72225,0.20768,0.22368,0.22376,0.34488
ICE,0.76867,1.0,0.76883,0.66685,0.70994,0.72458,0.82584,0.75426,0.86701,0.79043,0.71142,1.0,0.8231,0.173,0.19411,0.18682,0.29222
IDXX,0.77341,0.78242,0.61217,0.60753,0.55201,0.64575,0.7377,0.76929,0.89304,0.93258,0.7727,0.9635,0.73919,0.21481,0.22396,0.23056,0.33067
IEX,0.90663,0.94931,0.70434,0.58771,0.72954,0.94111,0.88817,0.94723,0.92352,0.83178,0.8802,0.73225,0.81799,0.1914,0.20949,0.21309,0.38603
IFF,0.69985,0.71474,0.71817,0.71235,0.73665,0.83501,0.95168,0.96319,0.96136,0.87787,0.71482,0.90805,0.89497,0.22216,0.21413,0.26501,0.29869
INCY,0.74024,0.76269,0.89754,0.90466,0.93267,1.0,0.73053,0.75541,0.65833,0.93458,0.91868,0.92664,0.75968,0.19758,0.21117,0.21848,0.29585
INTC,0.95481,0.90656,0.75028,0.70353,0.73418,0.70226,0.93866,0.93529,0.907,0.9506,0.94301,0.97253,0.85178,0.24651,0.21009,0.26329,0.28011
INTU,0.6966,1.0,0.7692,0.7894,0.7868,0.694,0.5904,0.7766,0.726,0.662,0.7868,1.0,0.6894,0.20305,0.21626,0.23746,0.18939
INVH,0.58214,1.0,0.79881,0.82837,0.78245,0.86205,0.85596,0.93746,0.92736,0.72236,0.94796,1.0,0.96941,0.18235,0.2001,0.20093,0.26277
IPG,0.88429,1.0,0.86924,0.89132,0.87781,0.81669,0.93105,0.85281,0.91346,0.86622,0.82624,1.0,0.66887,0.19418,0.19681,0.20568,0.24948
IP,0.67547,0.76667,0.85887,0.77049,0.86709,0.71659,0.66118,0.68134,0.74222,0.87963,0.90983,0.85707,0.67513,0.22891,0.22369,0.25402,0.29339
IQV,0.83755,1.0,0.96735,0.86946,0.75915,0.97886,0.90512,0.89632,0.87203,0.91019,0.84323,1.0,0.7312,0.20846,0.19335,0.21879,0.22555
IRM,0.96388,1.0,0.81939,0.8599,0.8947,0.85382,0.79649,0.73668,0.77192,0.89779,0.87643,1.0,0.94294,0.21748,0.22762,0.20176,0.19928
IR,0.90479,0.93084,0.95646,0.9558,0.95372,0.92316,0.90795,0.8798,0.92737,0.89568,0.93025,0.83222,0.85353,0.23878,0.23178,0.28451,0.24493
ISRG,,,,,,,,,,,,,,0.0,0.0,0.0,0.0
ITW,0.93253,0.9119,0.79676,0.95332,0.7261,0.95234,0.95307,0.94352,0.93635,0.75327,0.94836,0.73475,0.72241,0.24044,0.24624,0.26218,0.25114
IT,0.68075,1.0,0.69952,0.74409,0.66451,0.62479,0.71398,0.91004,0.87195,0.67775,0.93905,1.0,0.89323,0.20825,0.2108,0.19044,0.23667
IVZ,0.90564,1.0,0.82286,0.85131,0.81216,0.885,0.78641,0.76023,0.79251,0.77124,0.75152,1.0,0.73897,0.19477,0.19154,0.21233,0.24751
JBHT,0.75724,0.81384,0.90688,0.92615,0.86748,0.67133,0.68743,0.67917,0.70121,0.95687,0.72117,0.82226,0.93323,0.24658,0.241,0.22916,0.28325
JBL,0.71453,0.66749,0.89771,0.75474,0.96712,0.8585,0.81883,0.90131,0.83829,0.7974,0.79038,0.76863,0.7499,0.19957,0.23183,0.23439,0.33422
JCI,0.90062,0.91885,0.92339,0.9251,0.93687,0.92888,0.84744,0.83872,0.79091,0.67588,0.93796,0.9182,0.94345,0.23388,0.2343,0.27667,0.25515
JKHY,0.88606,1.0,0.71509,0.77254,0.74452,0.79802,0.66892,0.68888,0.79296,0.88581,0.61712,1.0,0.77267,0.19118,0.20487,0.21113,0.23897
JNJ,0.80836,0.85518,0.73763,0.73281,0.59533,0.75688,0.72614,0.75077,0.74095,0.64137,0.699,0.75297,0.65448,0.23841,0.25906,0.23737,0.26516
JNPR,0.9324,0.69356,0.92815,0.89408,0.93307,0.80194,0.82351,0.77827,0.84081,0.77901,0.91283,0.95471,0.69931,0.23514,0.2277,0.23217,0.30498
J,0.70179,1.0,0.69713,0.70163,0.77022,0.82242,0.87571,0.85933,0.73856,0.74919,0.69788,1.0,0.77582,0.18787,0.19733,0.18641,0.27455
KDP,0.65782,0.751,0.72134,0.70829,0.71845,0.81968,0.68071,0.6641,0.67695,0.87395,0.94324,0.85156,0.77459,0.2389,0.20288,0.22054,0.33768
KEYS,,,,,,,,,,,,,,0.0,0.0,0.0,0.0
KEY,1.0,1.0,0.90842,0.92521,0.90297,0.94477,0.65575,0.74981,0.79263,1.0,0.86524,1.0,1.0,0.16582,0.17859,0.15184,0.11913
KHC,0.8734,0.92554,0.86849,0.83846,0.90141,0.84212,0.97765,0.9708,0.95392,0.85125,0.94954,0.91822,0.81211,0.21347,0.2256,0.24752,0.3134
KIM,0.89409,1.0,0.83406,0.75062,0.80506,0.84609,0.89396,0.87804,0.91559,0.72671,0.80936,1.0,0.81332,0.19667,0.20602,0.2014,0.24207
KKR,0.84027,1.0,0.72634,0.66126,0.81135,0.80952,0.71509,0.88268,0.8117,0.95845,0.85651,1.0,0.84148,0.16847,0.16674,0.17184,0.33911
KLAC,0.86553,0.86964,0.7301,0.82536,0.8552,0.75099,0.78249,0.90234,0.86953,0.73104,0.80763,0.8654,0.77294,0.19354,0.21005,0.25084,0.34556
KMB,0.71256,0.65596,0.68457,0.69788,0.89994,0.71966,0.76802,0.87977,0.8564,0.67052,0.86916,0.64822,0.86068,0.24498,0.25963,0.22357,0.27182
KMI,0.86329,0.89601,0.93592,0.64129,0.95557,0.85098,0.87927,0.90508,0.93072,0.77185,0.81796,0.77685,0.7774,0.22948,0.22623,0.23125,0.31304
KMX,0.80277,0.87996,0.81111,0.87069,0.856,0.84926,0.80376,0.839,0.85938,0.91358,0.8566,0.69866,0.87239,0.26061,0.27493,0.20687,0.25758
KO,0.90568,0.83607,0.95447,0.8679,0.90691,0.92462,0.65203,0.87639,0.86632,0.72974,0.94654,0.69787,0.93606,0.23902,0.23817,0.22247,0.30033
KR,0.8378,0.7963,0.7892,0.76681,0.78403,0.76911,0.81171,0.83998,0.78927,0.83869,0.91264,0.64732,0.84357,0.26573,0.26961,0.24125,0.2234
KVUE,0.75,0.7848,0.7966,0.788,0.7174,0.768,0.771,0.735,0.7966,0.7518,0.8102,0.7398,0.7692,0.25004,0.22874,0.28392,0.23729
K,0.73758,0.76145,0.80714,0.83028,0.87062,0.85168,0.8973,0.89627,0.88991,0.78876,0.74739,0.73673,0.64112,0.21793,0.23693,0.2111,0.33404
LDOS,0.6346,0.79346,0.92251,0.6825,0.85364,0.84625,0.80079,0.71861,0.77814,0.80311,0.89383,0.74053,0.81064,0.23412,0.2513,0.27553,0.23904
LEN,0.82756,0.76124,0.86117,0.88012,0.88982,0.87458,0.80274,0.73995,0.73939,0.90782,0.85809,0.85896,0.84743,0.28835,0.24264,0.24188,0.22714
LHX,0.93533,0.96229,0.73205,0.74345,0.71707,0.82785,0.62857,0.8085,0.73637,0.85848,0.73548,0.95199,0.70586,0.24804,0.26997,0.28633,0.19566
LH,0.80814,0.86978,0.65663,0.68741,0.71341,0.87746,0.86007,0.83012,0.84197,0.92095,0.70268,0.97103,0.92454,0.24588,0.26347,0.25337,0.23728
LIN,0.73511,0.73561,0.95324,0.94743,0.92854,0.90861,0.90263,0.86428,0.84088,0.61502,0.94898,0.70572,0.89662,0.2501,0.24102,0.27481,0.23407
LKQ,0.86153,0.91099,0.64645,0.60186,0.73971,0.75093,0.68696,0.73024,0.66768,0.78299,0.67245,0.83597,0.81403,0.24771,0.23635,0.25926,0.25668
LLY,0.93869,0.96103,0.73845,0.62493,0.72266,0.70954,0.89747,0.74171,0.83659,0.79347,0.7125,0.68692,0.80802,0.2427,0.25638,0.26652,0.2344
LMT,0.89798,0.80753,0.75644,0.72426,0.93414,0.80567,0.73325,0.7428,0.86676,0.94275,0.82364,0.60386,0.83978,0.24048,0.21935,0.24365,0.29652
LNT,0.80502,0.89823,0.94416,0.85353,0.93987,0.89531,0.68439,0.91459,0.923,0.59974,0.68089,0.95886,0.86075,0.24151,0.21893,0.25571,0.28385
LOW,0.83556,0.80801,0.86825,0.88456,0.85767,0.81459,0.80336,0.74236,0.80219,0.82058,0.88432,0.87532,1.0,0.23981,0.23777,0.20881,0.23668
LRCX,0.88822,0.89735,0.78104,0.79778,0.84792,0.69983,0.84669,0.88564,0.83891,0.67149,0.87261,0.78581,0.75329,0.24152,0.24977,0.25063,0.25808
LULU,0.8374,0.92991,0.89102,0.86739,0.79527,1.0,0.75963,0.74591,0.71381,0.71301,0.86518,0.73191,0.74054,0.19915,0.20704,0.25671,0.26018
LVS,0.89788,0.89294,0.79082,0.73161,0.68931,0.8551,0.87536,0.93641,0.97709,0.89306,0.84123,0.74092,0.71581,0.25896,0.2504,0.26153,0.22911
LW,0.83141,0.81138,0.85025,0.80009,0.80139,0.79033,0.65567,0.72319,0.7797,0.83247,0.70982,0.77616,0.80497,0.2579,0.26153,0.22411,0.25646
LYB,0.73053,0.77514,0.89012,0.88276,0.89331,0.92388,0.65026,0.71774,0.69967,0.69469,0.79313,0.83569,0.87573,0.24708,0.24705,0.2337,0.27217
LYV,0.71958,0.68645,0.89648,0.74811,0.93425,0.8877,0.85207,0.92578,0.92839,0.727,0.97683,0.93662,0.98164,0.25274,0.25777,0.22466,0.26483
L,1.0,1.0,0.83741,0.86154,0.75862,0.80364,0.78272,0.75595,0.78778,1.0,0.92618,1.0,0.77066,0.17284,0.16727,0.14524,0.20696
MAA,0.7392,1.0,0.92813,0.74657,0.88721,0.90487,0.82328,0.84447,0.86637,0.97976,0.92709,1.0,1.0,0.17115,0.17412,0.17076,0.2532
MAR,0.88294,1.0,0.79223,0.76179,0.82008,0.78914,0.65649,0.93914,0.9562,0.92597,0.94793,1.0,0.95029,0.22535,0.21532,0.21872,0.18677
MAS,0.93637,0.87745,0.69049,0.82796,0.85011,0.62585,0.75659,0.75782,0.70008,0.79199,0.87842,0.77151,0.90007,0.2029,0.1895,0.19706,0.41055
MA,0.92519,1.0,0.96251,0.8036,0.86177,0.89739,0.96246,0.9368,0.94601,0.77589,0.93706,1.0,0.83148,0.21835,0.20032,0.19379,0.23369
MCD,0.65588,0.61714,0.72623,0.82285,0.69542,0.74878,0.7113,0.78695,0.81331,0.93826,0.89833,0.92449,0.71662,0.23341,0.22286,0.24683,0.2969
MCHP,0.6715,0.75454,0.90176,0.80016,0.85228,0.89325,0.85426,0.853,0.88725,0.84212,0.83579,0.85102,0.84503,0.26976,0.25735,0.22228,0.25062
MCK,0.84534,0.86807,0.86318,0.86367,0.82521,0.81781,0.73781,0.83682,0.91117,0.84208,0.81993,0.74634,0.85864,0.23568,0.2684,0.23453,0.26139
MCO,0.89061,1.0,0.84397,0.84748,0.86519,0.85095,0.82665,0.8021,0.85069,0.76377,0.80217,1.0,0.85381,0.15702,0.23928,0.20425,0.2456
MDLZ,0.83608,0.86798,0.7993,0.80879,0.62849,0.84676,0.68093,0.57229,0.79742,0.84429,0.87692,0.86561,0.90712,0.20759,0.20877,0.19713,0.38651
MDT,0.75362,0.72534,0.85898,0.80691,0.84954,0.82997,0.70689,0.73474,0.71534,0.75646,0.82841,0.84035,0.80217,0.19496,0.19907,0.28227,0.3237
META,0.89769,1.0,0.94964,0.93213,0.95063,1.0,0.80746,0.81481,0.80666,0.84395,0.73346,1.0,0.86193,0.16063,0.16801,0.17249,0.2681
MGM,0.87433,0.87059,0.94355,0.94362,0.96108,0.63768,0.88226,0.84316,0.93658,0.79359,0.89743,0.83478,0.6164,0.24532,0.25818,0.2353,0.26119
MHK,0.80816,0.85042,0.90371,0.90754,0.88858,0.93443,0.90508,0.89986,0.87124,0.7552,0.9103,0.93237,0.83377,0.24519,0.25337,0.24152,0.25992
MKC,0.70523,0.91355,0.87137,0.77576,0.80432,0.85823,0.95932,0.95934,0.95238,0.93095,0.84071,0.77722,0.69912,0.24442,0.25717,0.26527,0.23313
MKTX,0.91768,1.0,0.88992,0.8862,0.91488,1.0,0.90032,0.9284,0.85878,0.91375,0.87005,1.0,0.7602,0.19145,0.20082,0.19509,0.18187
MLM,0.74626,0.59598,0.6419,0.67484,0.70371,0.69483,0.83289,0.74586,0.74471,0.70171,0.69509,0.70808,0.77404,0.24787,0.23092,0.24552,0.27569
MMC,0.94398,1.0,0.7722,0.74417,0.95651,0.74014,0.8702,0.69335,0.86694,0.7298,0.88679,1.0,0.88245,0.21592,0.20655,0.20621,0.21747
MMM,0.87454,0.92578,0.64502,0.79755,0.90993,0.69593,0.81206,0.76834,0.81283,0.95851,0.72114,0.94445,0.69288,0.26353,0.26413,0.25297,0.21936
MNST,0.80138,0.72091,1.0,1.0,1.0,1.0,0.90158,0.88331,0.88303,0.92707,0.77426,0.92897,0.84965,0.14947,0.17016,0.16418,0.2085
MOS,0.93178,0.70758,0.95331,0.96932,0.91084,0.92359,0.76051,0.75851,0.71552,0.70848,0.86864,0.76752,0.82968,0.23135,0.22824,0.18281,0.3576
MPC,0.7831,0.70707,0.7334,0.77929,0.81904,0.82841,0.87175,0.86651,0.83598,0.93905,0.91949,0.92438,0.80587,0.21542,0.23634,0.28745,0.26078
MPWR,0.63069,0.68809,0.79011,0.79185,0.7199,1.0,0.72796,0.7906,0.80862,0.70603,0.70581,0.82372,0.85244,0.16214,0.21655,0.20104,0.34334
MRK,0.845,0.80678,0.80545,0.85192,0.74753,0.7703,0.75988,0.72464,0.70085,0.79213,0.93503,0.96387,0.65381,0.21441,0.21109,0.23405,0.34045
MRNA,0.91658,0.89469,0.66531,0.6626,0.9061,1.0,0.73023,0.69583,0.64392,0.86396,0.73109,0.84584,0.90845,0.21825,0.19801,0.22177,0.28505
MRO,0.93111,0.93899,0.77362,0.80565,0.73494,0.74548,0.90345,0.8823,0.87763,0.84485,0.83722,0.7462,0.90184,0.24177,0.24334,0.23026,0.28463
MSCI,0.90506,1.0,0.80131,0.87386,0.76951,0.76929,0.71714,0.82679,0.90954,0.86697,0.92431,1.0,0.74081,0.20362,0.16587,0.19832,0.27834
MSFT,0.80589,0.79976,0.85844,0.8519,0.8618,0.86097,0.83456,0.75088,0.79899,0.7931,0.82339,0.78524,0.88287,0.28348,0.27691,0.19971,0.2399
MSI,0.88438,0.93763,0.73239,0.70646,0.76784,0.75678,0.80325,0.87179,0.81792,0.72078,0.88572,0.7643,0.83289,0.23443,0.22234,0.23415,0.30907
MS,1.0,1.0,0.88026,0.76633,0.74466,0.78252,0.81101,0.85046,0.81238,1.0,0.69925,1.0,0.89251,0.18926,0.19962,0.18088,0.12254
MTB,1.0,1.0,0.79592,0.85789,0.82608,1.0,0.65899,0.70912,0.76509,1.0,0.79011,1.0,0.81113,0.15915,0.15362,0.1658,0.13682
MTCH,0.70541,1.0,0.74107,0.83281,0.81724,0.78106,0.76849,0.90651,0.88612,0.83567,0.77884,1.0,0.72808,0.19839,0.21873,0.2418,0.18724
MTD,0.74818,0.75003,0.68645,0.86181,0.96284,0.82076,0.77603,0.84749,0.85235,0.95812,0.89706,0.70939,0.62361,0.22107,0.20853,0.2068,0.3636
MU,,,,,,,,,,,,,,0.0,0.0,0.0,0.0
NCLH,0.93223,0.91714,0.8643,0.92785,0.95729,0.83064,0.7731,0.90911,0.83407,0.83393,0.92444,0.89115,0.717,0.23499,0.2239,0.24357,0.29754
NDAQ,0.84763,1.0,0.82244,0.7282,0.70093,0.85936,0.72364,0.79442,0.68442,0.79884,0.67988,1.0,0.85993,0.22084,0.20395,0.24024,0.18112
NDSN,0.91932,0.91016,0.70887,0.63318,0.61921,0.70592,0.79557,0.6889,0.75265,0.73513,0.72805,0.91062,0.71125,0.21819,0.24583,0.2368,0.29918
NEE,0.76114,0.82914,0.91908,0.95849,0.93187,0.88277,0.83608,0.89091,0.85507,0.7067,0.74339,0.69806,0.70189,0.26118,0.25057,0.25456,0.23369
NEM,0.87558,0.85509,0.9576,0.84477,0.82481,0.93228,0.94696,0.94139,0.93345,0.94931,0.63194,0.85644,0.69524,0.2736,0.26248,0.24936,0.21455
NFLX,0.7816,1.0,0.92769,0.95664,0.94655,0.93795,0.78005,0.75007,0.74262,0.67917,0.761,1.0,0.9342,0.21809,0.19949,0.20405,0.22452
NI,0.71731,0.65693,0.82706,0.7957,0.66992,0.82137,0.8509,0.91871,0.86178,0.6309,0.76836,0.73099,0.6883,0.25726,0.23502,0.24186,0.26586
NKE,0.8232,0.6888,0.663,0.768,0.7398,0.723,0.8,0.7496,0.8294,0.695,0.735,0.8556,0.7436,0.26701,0.24355,0.24193,0.24752
NOC,0.95801,0.90202,0.84975,0.83427,0.86079,0.87224,0.81047,0.71003,0.7984,0.79205,0.82714,0.91954,0.8337,0.24709,0.2552,0.23343,0.26428
NOW,,,,,,,,,,,,,,0.0,0.0,0.0,0.0
NRG,0.84313,0.89111,0.76058,0.74429,0.8298,0.65733,0.83546,0.79831,0.7801,0.9536,0.81049,0.87359,0.87142,0.24934,0.25398,0.25096,0.24572
NSC,0.64329,0.61633,0.93039,0.95021,0.93091,0.95451,0.67287,0.64342,0.68571,0.70657,0.79964,0.67614,0.9433,0.2339,0.22555,0.23534,0.30521
NTAP,0.7464,0.6536,0.7692,0.7692,0.694,0.8398,0.707,0.759,0.728,0.755,0.7374,0.627,0.7484,0.26873,0.23642,0.26318,0.23167
NTRS,1.0,1.0,0.95642,0.92986,0.88435,1.0,0.7598,0.69894,0.83708,1.0,0.95109,1.0,1.0,0.12801,0.1429,0.12957,0.13799
NUE,0.78186,0.75739,0.8822,0.92379,0.86625,0.92234,0.76059,0.7491,0.66123,0.7771,0.70335,0.763,0.96869,0.21161,0.24595,0.27027,0.27216
NVDA,0.76313,0.71824,0.73233,0.76631,0.74664,0.71499,0.75059,0.72724,0.71458,0.71,0.80325,0.74385,0.7319,0.27999,0.27667,0.21444,0.22891
NVR,0.63013,0.64186,0.93962,0.94757,0.97732,1.0,0.78848,0.89064,0.90033,0.90909,0.76672,0.88834,0.68212,0.2047,0.20236,0.20635,0.30967
NWSA,0.78864,0.81582,0.88177,0.89143,0.89854,0.916,0.70114,0.74286,0.68709,1.0,0.72257,1.0,0.87134,0.1579,0.17605,0.23758,0.27462
NWS,0.84928,0.83408,0.89623,0.90947,0.85416,0.89528,0.65212,0.79612,0.62725,1.0,0.72088,1.0,0.88262,0.18642,0.1544,0.23844,0.2669
NXPI,0.79472,0.85755,0.78215,0.81056,0.7517,0.74325,0.79998,0.88735,0.88985,0.92733,0.87011,0.79106,0.94584,0.25829,0.25258,0.24512,0.244
ODFL,0.94166,1.0,0.74115,0.80931,0.8439,1.0,0.8773,0.87344,0.89037,0.93118,0.8355,1.0,0.89791,0.15862,0.1776,0.18685,0.24616
OKE,0.82298,0.77159,0.80897,0.81695,0.86939,0.81313,0.74541,0.84439,0.87028,0.77412,0.74311,0.77616,0.74822,0.22835,0.22963,0.23172,0.3103
OMC,0.89254,0.8905,0.87691,0.72766,0.77867,0.94398,0.69137,0.81302,0.77876,0.81746,0.95419,0.67125,0.79549,0.25348,0.22359,0.23093,0.292
ON,0.89224,0.85871,0.92242,0.90788,0.94123,0.94322,0.89002,0.88774,0.88009,0.94423,0.71316,0.81339,0.89614,0.22912,0.21341,0.25222,0.30525
ORCL,0.85038,1.0,0.6555,0.76595,0.79951,0.71972,0.6992,0.90015,0.82871,0.8897,0.8071,1.0,0.76266,0.18754,0.20646,0.22885,0.2233
ORLY,0.929,0.92931,0.67614,0.96482,0.75249,0.66189,0.74005,0.79657,0.86803,0.93552,0.87307,0.73728,0.95898,0.25762,0.24499,0.25392,0.24347
OTIS,0.80727,0.76032,0.8599,0.72233,0.96756,0.80973,0.75937,0.96611,0.93381,0.7571,0.97896,0.7583,0.84951,0.21463,0.20644,0.26495,0.31398
OXY,0.75641,0.79211,0.9363,0.92405,0.97004,0.97947,0.88405,0.82124,0.89118,0.91612,0.88869,0.89178,0.73893,0.22756,0.229,0.24448,0.29895
O,0.8136,0.782,0.7742,0.7598,0.7232,0.7696,0.788,0.6966,0.7966,0.6894,0.8092,0.795,0.686,0.25776,0.23714,0.23896,0.26615
PANW,0.91574,1.0,0.6131,0.7366,0.80599,0.74415,0.62732,0.81859,0.81505,0.76554,0.94674,1.0,0.91189,0.19613,0.18697,0.21079,0.25226
PARA,0.92323,0.90807,0.8697,0.87339,0.87564,0.8259,0.88563,0.89393,0.90722,0.90505,0.92042,0.69577,0.85555,0.2558,0.24496,0.26938,0.22987
PAYC,0.89704,0.90658,0.86344,0.90287,0.83444,1.0,0.77819,0.87697,0.84673,0.77643,0.90901,0.66793,0.7362,0.22293,0.23193,0.24277,0.22545
PAYX,,,,,,,,,,,,,,0.0,0.0,0.0,0.0
PCAR,0.83384,0.83465,0.83591,0.81307,0.84246,0.93285,0.948,0.94423,0.93357,0.79571,0.87797,0.69601,0.87069,0.26248,0.26399,0.24863,0.2249
PCG,0.90812,0.93268,0.81471,0.72184,0.86085,0.83549,0.93748,0.92659,0.95138,0.8354,0.78877,0.75984,0.65429,0.21163,0.23637,0.25944,0.29256
PEG,0.83814,0.76851,0.83445,0.72436,0.80638,0.85236,0.74707,0.75583,0.73002,0.72295,0.86293,0.57608,0.67015,0.22765,0.23941,0.22055,0.3124
PEP,0.79105,0.85223,0.93005,0.82456,0.87833,0.93742,0.69773,0.91459,0.88719,0.71825,0.922,0.80163,0.7585,0.22752,0.2282,0.21404,0.33025
PFE,0.89898,0.85794,0.6717,0.67635,0.66527,0.68098,0.67072,0.70573,0.64326,0.84769,0.72851,0.74455,0.71591,0.22409,0.23819,0.24191,0.2958
PFG,1.0,1.0,0.6984,0.6828,0.726,0.7766,0.8384,0.7784,0.6974,1.0,0.7692,1.0,0.7496,0.15807,0.19593,0.16409,0.17423
PGR,1.0,1.0,0.86174,0.84008,0.66219,0.81295,0.83672,0.86076,0.8449,1.0,0.71782,1.0,0.6677,0.15482,0.14635,0.14756,0.24358
PG,0.82086,0.86124,0.69771,0.65901,0.74861,0.81433,0.76623,0.73891,0.72996,0.84686,0.7725,0.87195,0.84262,0.22102,0.20673,0.31303,0.25922
PHM,0.75257,0.77705,0.90712,0.90462,0.91728,0.64481,0.84408,0.88675,0.89529,0.94974,0.8195,0.81264,0.90609,0.22405,0.24673,0.23035,0.29887
PH,0.7042,0.72578,0.79762,0.79059,0.73753,0.729,0.76136,0.75679,0.72717,0.89046,0.95049,0.83371,0.79337,0.21957,0.22124,0.22855,0.33064
PKG,0.93236,0.94975,0.7654,0.63711,0.65849,0.92861,0.76216,0.75857,0.75756,0.71626,0.7528,0.69878,0.67882,0.24476,0.23398,0.20605,0.31521
PLD,0.95332,1.0,0.68215,0.64805,0.60178,0.69255,0.83288,0.7117,0.67107,0.95817,0.76587,1.0,0.65587,0.17622,0.16297,0.18389,0.32308
PM,0.93694,0.93271,0.91111,0.96199,0.82846,0.88965,0.72032,0.90912,0.94113,0.9165,0.87014,0.73006,0.67666,0.21764,0.19357,0.27424,0.31455
PNR,0.88511,0.80381,0.92181,0.89759,0.88602,0.90533,0.75584,0.73192,0.82165,0.6434,0.89255,0.83631,0.80164,0.22974,0.22997,0.23208,0.30821
PNW,0.60915,0.71557,0.89756,0.8492,0.92362,0.89913,0.90788,0.96445,0.94782,0.9748,0.92482,0.97652,0.86308,0.26931,0.25931,0.26992,0.20146
PODD,0.97802,0.96515,0.63214,0.71193,0.6242,0.86559,0.71397,0.83483,0.73275,0.69044,0.90582,0.79386,0.85368,0.23193,0.26069,0.23137,0.27601
POOL,0.68652,0.71829,0.70051,0.6753,0.71824,0.72257,0.75444,0.7552,0.82393,0.70827,0.80958,0.81654,0.71016,0.24347,0.22813,0.2293,0.29911
PPG,0.92041,0.72598,0.80252,0.72795,0.66629,0.69473,0.85577,0.72215,0.84787,0.77082,0.9635,0.69707,0.86379,0.2243,0.20963,0.25257,0.3135
PPL,0.88572,0.82919,0.66208,0.80792,0.94614,0.71982,0.70427,0.76597,0.68257,0.94211,0.93691,0.97218,0.79403,0.26786,0.23653,0.24655,0.24906
PRU,1.0,1.0,0.7868,0.6572,0.7966,0.6828,0.7292,0.686,0.7374,1.0,0.7974,1.0,0.7766,0.17465,0.15554,0.19276,0.16936
PSA,0.69297,1.0,0.81055,0.88217,0.76344,0.81925,0.79474,0.76701,0.74414,0.88369,0.71886,1.0,1.0,0.1504,0.15416,0.18774,0.27694
PSX,0.69148,0.85599,0.90063,0.93709,0.89238,0.82109,0.93581,0.94458,0.93413,0.95225,0.87027,0.94759,0.72024,0.21688,0.2201,0.24341,0.31961
PTC,0.75615,1.0,0.95258,0.95635,0.92942,0.73151,0.73221,0.68014,0.70219,0.78403,0.74873,1.0,0.90845,0.19151,0.2004,0.21103,0.24322
PWR,0.67796,0.73305,0.82448,0.71117,0.85607,0.69445,0.77931,0.69228,0.68499,0.76899,0.74528,0.83328,0.90747,0.22533,0.2548,0.25938,0.26049
PYPL,0.70973,1.0,0.83041,0.86511,0.6964,0.86435,0.80052,0.82454,0.76188,0.94467,0.93238,1.0,0.90565,0.19329,0.17634,0.20155,0.27498
QCOM,0.64967,0.76222,0.93674,0.96302,0.92635,0.92736,0.90043,0.69573,0.67276,0.8392,0.73359,0.90347,0.76173,0.21883,0.23342,0.25781,0.28994
QRVO,0.78961,0.83156,0.88646,0.79911,0.87474,0.87118,0.86034,0.81914,0.88181,0.81784,0.66551,0.83457,0.76375,0.27754,0.28784,0.23165,0.20297
RCL,0.91246,0.91453,0.84915,0.86041,0.72181,0.86012,0.82213,0.90589,0.9006,0.88767,0.92374,0.915,0.90415,0.2302,0.23925,0.24201,0.28855
REGN,0.94167,0.95264,0.93033,0.88948,0.87524,1.0,0.86853,0.84333,0.89562,0.66283,0.7419,0.71162,0.70049,0.22263,0.21178,0.24567,0.24299
REG,0.88335,1.0,0.89576,0.87943,0.8852,0.67667,0.81194,0.84258,0.88054,0.74648,0.87294,1.0,0.77681,0.19071,0.20344,0.20878,0.24322
RJF,1.0,1.0,0.87688,0.83494,0.91312,1.0,0.84102,0.70104,0.77871,1.0,0.90408,1.0,0.88477,0.14769,0.1522,0.14353,0.17196
RL,0.75051,0.90645,0.83101,0.88497,0.84659,1.0,0.85192,0.84796,0.90795,0.65668,0.79514,0.75225,0.84124,0.24152,0.22413,0.22715,0.23028
RMD,0.88919,0.90871,0.72645,0.72186,0.76244,0.75963,0.85197,0.83185,0.83,0.84777,0.74504,0.83489,0.8635,0.20427,0.21844,0.37214,0.20516
ROK,0.6674,0.7013,0.85475,0.77814,0.71494,0.75584,0.94975,0.90709,0.85128,0.80574,0.72858,0.94002,0.94683,0.23962,0.22784,0.2184,0.31414
ROL,0.76236,0.76711,0.86922,0.72366,0.76599,0.74399,0.91413,0.66962,0.71624,0.84658,0.65778,0.87067,0.7397,0.2546,0.2355,0.24977,0.26013
ROP,0.88062,0.81893,0.96101,0.96333,0.96781,0.97629,0.69899,0.79139,0.76701,0.95071,0.84546,0.73977,0.89438,0.23855,0.24868,0.2258,0.28697
ROST,0.8724,0.68477,0.84922,0.88545,0.84576,1.0,0.79221,0.85693,0.88219,0.82435,0.85829,0.83429,0.76108,0.18717,0.19582,0.30642,0.23366
RSG,0.70906,0.72924,0.94977,0.94334,0.96293,0.96795,0.88243,0.82694,0.86453,0.71676,0.90282,0.86647,0.92301,0.22681,0.2471,0.24923,0.27686
RTX,0.96993,0.96217,0.80131,0.76361,0.8017,0.76637,0.84501,0.76917,0.80314,0.75557,0.94626,0.66459,0.81519,0.23768,0.2135,0.2665,0.28232
RVTY,0.89743,0.88939,0.78195,0.86159,0.72659,0.66758,0.91375,0.90748,0.91166,0.90136,0.89758,0.69003,0.77199,0.23139,0.23042,0.27038,0.26781
SBAC,0.83303,1.0,0.88204,0.69015,0.94302,0.9232,0.94221,0.94596,0.94377,0.77202,0.9066,1.0,0.96331,0.19689,0.18683,0.22411,0.23832
SBUX,0.92618,0.94452,0.8245,0.86425,0.72857,0.88237,0.67318,0.79746,0.85998,0.83302,0.95838,0.71298,0.70844,0.22232,0.21924,0.25194,0.3065
SCHW,,,,,,,,,,,,,,0.0,0.0,0.0,0.0
SHW,0.73755,0.83851,0.60716,0.62095,0.6624,0.61953,0.79372,0.72008,0.68089,0.72203,0.88762,0.77208,0.73973,0.22979,0.23382,0.26245,0.27394
SJM,0.77635,0.75389,0.86686,0.80036,0.79821,0.77666,0.79629,0.85475,0.82116,0.83738,0.80549,0.85214,0.71252,0.24797,0.23849,0.29812,0.21542
SLB,0.83956,0.82236,0.94527,0.93885,0.86541,0.89518,0.8404,0.87563,0.88238,0.9398,0.94296,0.89104,0.87098,0.23845,0.26066,0.2772,0.2237
SMCI,,,,,,,,,,,,,,0.0,0.0,0.0,0.0
SNA,0.93153,0.90152,0.90096,0.88214,0.87814,0.80738,0.85701,0.94265,0.83359,0.65799,0.79547,0.86041,0.94537,0.23681,0.23691,0.26002,0.26625
SNPS,0.88228,0.91676,0.93795,0.90808,0.93431,1.0,0.95379,0.93809,0.9381,0.72983,0.94779,0.7838,0.75707,0.21213,0.19668,0.23778,0.27649
SOLV,,,,,,,,,,,,,,0.0,0.0,0.0,0.0
SO,0.63099,0.73618,0.86899,0.83679,0.88893,0.87992,0.86146,0.84526,0.77319,0.79969,0.85464,0.81332,0.79384,0.23403,0.22265,0.26148,0.28184
SPGI,0.91354,1.0,0.87478,0.84923,0.73577,0.86562,0.9329,0.86027,0.89888,0.7256,0.81995,1.0,0.84622,0.23232,0.20869,0.1904,0.21474
SPG,0.79121,1.0,0.63808,0.91495,0.77122,0.78218,0.91762,0.87157,0.84275,0.82805,0.93499,1.0,0.93287,0.219,0.21067,0.20241,0.21406
SRE,0.65084,0.65049,0.71931,0.9046,0.66668,0.71622,0.73179,0.84363,0.68838,0.9026,0.90326,0.87012,0.68779,0.21978,0.2405,0.24703,0.29269
STE,0.84141,0.81789,0.84316,0.79117,0.9062,0.90191,0.90397,0.87619,0.91469,0.79095,0.76912,0.88497,0.87018,0.24773,0.25459,0.23164,0.26604
STLD,0.70537,0.71258,0.92567,0.87868,0.8913,0.96104,0.74253,0.75428,0.75078,0.718,0.75743,0.82169,0.92225,0.24844,0.24704,0.23849,0.26603
STT,1.0,1.0,0.82312,0.82747,0.82171,1.0,0.6338,0.61997,0.6884,1.0,0.95604,1.0,0.83475,0.15671,0.15377,0.17464,0.13027
STX,0.88756,0.82905,0.78696,0.80396,0.87051,0.73616,0.76108,0.80883,0.81213,0.83683,0.89038,0.92607,0.85915,0.27101,0.27505,0.18085,0.27309
STZ,0.81754,0.84186,0.84271,0.84389,0.86838,0.79264,0.82531,0.86515,0.89025,0.81824,0.86094,0.89673,0.84251,0.28835,0.27468,0.21547,0.22149
SWKS,0.72846,0.87672,0.78147,0.68107,0.7907,0.67551,0.80372,0.80119,0.84408,0.79626,0.62647,0.80891,0.83637,0.24915,0.26845,0.28071,0.20169
SWK,0.6475,0.88075,0.9404,0.9061,0.94077,0.91768,0.83943,0.87136,0.8869,0.95654,0.96531,0.83354,0.91993,0.27488,0.28782,0.22118,0.21612
SW,0.92516,0.65428,0.93873,0.94362,0.94184,1.0,0.70226,0.84815,0.68187,0.73492,0.8573,0.67611,0.86317,0.20038,0.1848,0.19875,0.33915
SYF,1.0,1.0,0.71821,0.72749,0.97801,0.84421,0.69989,0.67028,0.71059,1.0,0.65309,1.0,1.0,0.15282,0.15116,0.1306,0.1808
SYK,0.84931,0.86992,0.91641,0.87743,0.86302,0.84956,0.88719,0.87619,0.8803,0.69512,0.84462,0.6789,0.76108,0.23821,0.25262,0.25542,0.25375
SYY,0.92432,0.94086,0.82376,0.81016,0.89494,0.6532,0.96537,0.94049,0.96728,0.88283,0.96672,0.62561,0.81265,0.24029,0.25524,0.24378,0.2607
TAP,0.77575,0.74485,0.83719,0.87903,0.85211,0.89772,0.73493,0.71106,0.74687,0.89466,0.94349,0.72286,0.81946,0.22115,0.23138,0.23753,0.30994
TDG,0.78154,0.88046,0.71109,0.74935,0.6798,0.68437,0.74768,0.89975,0.85559,0.95952,0.86408,0.95715,0.88576,0.24925,0.24335,0.26374,0.24365
TDY,0.66746,0.77661,0.67094,0.77782,0.6773,0.77676,0.71402,0.72328,0.75013,0.96409,0.72175,0.82634,0.73605,0.23901,0.23824,0.26855,0.25419
TECH,0.69081,0.72499,0.90727,0.8987,0.90858,0.88249,0.77243,0.79084,0.75984,0.81696,0.90229,0.67907,0.84866,0.20908,0.2291,0.2379,0.32392
TEL,0.80287,0.69577,0.81841,0.84956,0.82256,0.80811,0.78758,0.83778,0.7559,0.76726,0.93727,0.9138,0.8895,0.24628,0.26203,0.26029,0.23141
TER,0.77815,0.88476,0.82102,0.89916,0.84923,1.0,0.86589,0.8434,0.83577,0.70142,0.78186,0.88429,0.69731,0.21358,0.18857,0.28078,0.24015
TFC,1.0,1.0,0.97135,0.94082,0.90091,0.88379,0.72815,0.76764,0.79591,1.0,0.61209,1.0,0.91657,0.17355,0.18748,0.17512,0.15616
TFX,0.69155,0.81922,0.82479,0.93411,0.83918,0.8544,0.88284,0.76136,0.73569,0.85629,0.77272,0.78491,0.74697,0.25482,0.24938,0.23719,0.25861
TGT,0.87559,0.85364,0.82985,0.87112,0.84246,0.88388,0.73764,0.68618,0.72796,0.81393,0.91324,0.8694,0.83868,0.25467,0.23003,0.26631,0.24898
TJX,0.79397,0.7287,0.77892,0.84445,0.90427,1.0,0.76789,0.78063,0.7266,0.76015,0.70044,0.71428,0.72727,0.20084,0.21129,0.24105,0.26991
TMO,0.68855,0.75721,0.8067,0.81892,0.76946,0.81322,0.88539,0.93196,0.93909,0.93628,0.68214,0.96024,0.65073,0.26981,0.22001,0.25313,0.25705
TMUS,0.82659,0.81045,0.77473,0.82741,0.67251,0.82164,0.77482,0.66781,0.7661,0.70903,0.78532,0.89488,0.6813,0.23461,0.27696,0.25901,0.22941
TPR,0.78668,0.77835,0.865,0.86883,0.83714,0.73768,0.70088,0.81208,0.80794,0.79071,0.78633,0.87481,0.69317,0.23666,0.2327,0.28315,0.2475
TRGP,0.7285,0.95009,0.90506,0.96337,0.9186,0.95231,0.96023,0.91553,0.9185,0.70018,0.7311,0.86676,0.72725,0.22412,0.24336,0.24121,0.29132
TRMB,0.73901,0.74025,0.78137,0.74238,0.76101,0.79001,0.79246,0.76778,0.77871,0.85367,0.68795,0.68884,0.68183,0.26023,0.26988,0.26975,0.20015
TROW,0.81401,1.0,0.92621,0.91188,0.93193,1.0,0.9482,0.90503,0.94695,0.891,0.88275,1.0,0.91577,0.17592,0.2023,0.19371,0.1973
TRV,1.0,1.0,0.97434,0.95441,0.91571,0.95406,0.8463,0.76844,0.71159,1.0,0.96097,1.0,0.93709,0.1704,0.18777,0.1742,0.15993
TSCO,0.75849,0.82878,0.79553,0.78452,0.71048,0.89235,0.76696,0.61474,0.74553,0.65842,0.70117,0.75767,1.0,0.23565,0.19798,0.24136,0.24808
TSN,0.69352,0.86882,0.85549,0.80074,0.86974,0.77285,0.80699,0.7685,0.72257,0.77673,0.95762,0.84842,0.74855,0.24865,0.2506,0.25747,0.24327
TT,0.95843,0.97685,0.78658,0.71157,0.87305,0.90354,0.95175,0.92457,0.94477,0.78521,0.97251,0.93808,0.76971,0.26239,0.2778,0.23866,0.22115
TXN,0.78149,0.75956,0.80553,0.82848,0.73792,0.83933,0.7266,0.79414,0.82234,0.62719,0.86197,0.80322,0.72396,0.26394,0.24289,0.27869,0.21448
TXT,0.90641,0.91775,0.85794,0.73982,0.88239,0.81303,0.92299,0.85737,0.86551,0.85197,0.87583,0.813,0.92001,0.22993,0.20237,0.26944,0.29825
TYL,0.7785,1.0,0.88113,0.86862,0.78049,0.79672,0.8384,0.90564,0.86074,0.69895,0.93212,1.0,0.80172,0.21462,0.21629,0.21887,0.19638
T,0.81827,0.82512,0.89493,0.8776,0.9571,0.87388,0.60596,0.71693,0.64873,0.95876,0.68863,0.73913,0.8187,0.24451,0.23862,0.23968,0.27719
UAL,0.8959,0.89704,0.81212,0.89045,0.85009,0.63913,0.88468,0.93861,0.91658,0.93603,0.96578,0.96227,0.93734,0.24063,0.23644,0.25869,0.26424
UBER,0.76415,1.0,0.83941,0.8666,0.83261,0.85611,0.60328,0.6307,0.6384,0.90983,0.97121,1.0,0.78992,0.18121,0.18107,0.17084,0.31303
UHS,0.81313,0.79258,0.96055,0.95856,0.91214,0.96219,0.90166,0.93619,0.92932,0.84208,0.87913,0.81842,0.81458,0.26679,0.25928,0.25356,0.22036
ULTA,0.78352,0.84744,0.71475,0.69755,0.75739,1.0,0.86159,0.88226,0.844,0.9074,0.91381,0.87417,0.7783,0.19782,0.21896,0.25699,0.24931
UNH,0.74889,1.0,0.84323,0.89604,0.91716,0.74796,0.8746,0.8314,0.90043,0.8453,0.72406,1.0,0.92371,0.17209,0.18308,0.20831,0.28268
UNP,0.72293,0.70942,0.84129,0.81652,0.89572,0.84131,0.78419,0.72907,0.73969,0.91123,0.92563,0.72844,0.7253,0.23649,0.24531,0.22487,0.29333
UPS,0.63287,0.71922,0.84716,0.86985,0.89769,0.7364,0.88048,0.8223,0.82844,0.83286,0.84084,0.66112,0.6643,0.26145,0.23695,0.24762,0.25397
URI,0.67186,0.66949,0.87719,0.92783,0.90361,0.88114,0.93095,0.96079,0.93476,0.88352,0.79922,0.63367,0.74804,0.25892,0.22676,0.23516,0.27916
USB,1.0,1.0,0.81814,0.78514,0.72668,0.79771,0.87557,0.8753,0.85724,1.0,0.66763,1.0,1.0,0.13469,0.15797,0.15126,0.17146
VICI,0.96842,1.0,0.56778,0.71323,0.74876,0.78276,0.69937,0.70594,0.72684,0.8662,0.70964,1.0,1.0,0.17428,0.15086,0.17616,0.26794
VLO,0.703,0.72363,0.94759,0.93548,0.94626,0.94128,0.92906,0.95499,0.94379,0.94817,0.87356,0.94166,0.80123,0.2421,0.24162,0.25313,0.26314
VLTO,,,,,,,,,,,,,,0.0,0.0,0.0,0.0
VMC,0.78655,0.62787,0.72381,0.83677,0.80879,0.69085,0.72673,0.74395,0.79835,0.7849,0.92143,0.79422,0.70695,0.25456,0.24975,0.26462,0.23107
VRSK,0.73745,1.0,0.84274,0.94152,0.88809,0.80943,0.89481,0.9358,0.95222,0.94156,0.83479,1.0,0.75345,0.2266,0.23614,0.20885,0.17455
VRSN,0.94351,1.0,0.90687,0.90851,0.79238,0.82564,0.91744,0.69228,0.89925,0.87048,0.92876,1.0,0.94758,0.20766,0.20776,0.20032,0.23042
VRTX,0.68782,0.76745,0.94602,0.94284,0.94599,1.0,0.83929,0.82112,0.86355,0.82486,0.87162,0.82415,0.95265,0.20003,0.24136,0.26313,0.21856
VST,0.76012,0.72211,0.96438,0.93565,0.89461,0.93484,0.64266,0.69467,0.61258,0.6193,0.71131,0.70419,0.71754,0.22119,0.25011,0.23674,0.29196
VTRS,0.96289,0.93965,0.94287,0.97173,0.966,0.95766,0.86494,0.78794,0.88032,0.93575,0.8359,0.95717,0.88141,0.21351,0.21669,0.24684,0.32296
VTR,0.76398,1.0,0.84243,0.88055,0.85771,0.87061,0.93539,0.87692,0.88074,0.91545,0.90592,1.0,0.73508,0.20938,0.21003,0.2621,0.16465
VZ,0.84168,0.80131,0.9617,0.93797,0.91507,0.70317,0.85554,0.77261,0.81377,0.76934,0.88662,0.68284,0.66622,0.22886,0.23936,0.26826,0.26352
V,0.94608,1.0,0.75025,0.75652,0.80417,0.72763,0.96552,0.91993,0.91291,0.90742,0.96857,1.0,0.85849,0.20496,0.20596,0.2066,0.22864
WAB,0.74792,0.86887,0.86583,0.73698,0.8933,0.91718,0.90179,0.88326,0.91927,0.91389,0.87284,0.82095,0.91008,0.24087,0.24296,0.27799,0.23818
WAT,0.77709,0.73064,0.89939,0.86965,0.67209,0.9214,0.90349,0.71511,0.76896,0.77593,0.68523,0.92186,0.70463,0.25359,0.26922,0.25552,0.22167
WBA,0.66402,0.6692,0.87096,0.71777,0.90122,0.84954,0.65481,0.63826,0.75629,0.81542,0.74172,0.71871,0.66623,0.23497,0.24425,0.26859,0.2522
WBD,0.97218,1.0,0.90526,0.95219,0.95014,0.82254,0.91863,0.92447,0.95114,0.9713,0.68193,1.0,0.87038,0.19977,0.20813,0.22293,0.21532
WDC,0.87914,0.84152,0.81771,0.82219,0.84361,0.82295,0.77303,0.82172,0.87312,0.74977,0.85334,0.76422,0.70069,0.26049,0.27232,0.23906,0.22813
WEC,0.76244,0.67976,0.92583,0.91392,0.92204,0.94721,0.72268,0.7088,0.72037,0.65189,0.77457,0.85918,0.71129,0.23071,0.23405,0.23738,0.29786
WELL,0.68257,1.0,0.89341,0.89015,0.92654,0.89575,0.83858,0.83239,0.83309,0.91627,0.80638,1.0,0.68481,0.18903,0.2172,0.20758,0.23234
WFC,,,,,,,,,,,,,,0.0,0.0,0.0,0.0
WMB,0.74227,0.71003,0.78492,0.78528,0.78271,0.95785,0.89777,0.91672,0.94806,0.65005,0.78971,0.78804,0.69334,0.25531,0.23914,0.24874,0.25681
WMT,0.8414,0.909,0.72983,0.71266,0.75813,0.6602,0.7638,0.73028,0.72806,0.79417,0.82208,0.82346,0.86746,0.2313,0.27894,0.22366,0.2661
WM,0.7426,0.77898,0.94717,0.93207,0.87621,0.95193,0.96694,0.93491,0.92253,0.77757,0.8415,0.86659,0.8381,0.2552,0.24776,0.24092,0.25612
WRB,1.0,1.0,0.84098,0.82759,0.91433,0.84022,0.88358,0.89888,0.94926,1.0,0.94648,1.0,0.8544,0.16089,0.16252,0.18016,0.18874
WST,0.84876,0.79945,0.92438,0.91918,0.89707,1.0,0.69711,0.7195,0.77259,0.70122,0.72813,0.7244,0.72992,0.19552,0.19775,0.21324,0.31657
WTW,0.75719,1.0,0.73484,0.7269,0.7712,0.75421,0.73199,0.7891,0.75727,0.93402,0.90106,1.0,0.8711,0.20891,0.20375,0.2143,0.2192
WYNN,0.63423,0.6478,0.84235,0.91564,0.70926,0.90008,0.94771,0.8813,0.87449,0.89709,0.82955,0.87464,0.81206,0.243,0.21787,0.26069,0.27844
WY,0.69118,0.67031,0.757,0.79953,0.86344,0.77349,0.70994,0.60684,0.64577,0.73235,0.6843,0.65692,0.88332,0.23748,0.2258,0.2275,0.30922
XEL,0.66623,0.72979,0.75649,0.70906,0.82486,0.78378,0.71942,0.795,0.66554,0.68924,0.71487,0.83026,0.91357,0.23075,0.23081,0.21589,0.32254
XOM,0.95259,0.95945,0.91621,0.92185,0.88059,0.94979,0.90012,0.90877,0.82477,0.87958,0.87745,0.90913,0.84015,0.22804,0.23455,0.23521,0.3022
XYL,0.74746,0.87328,0.88771,0.87975,0.89721,0.87776,0.73012,0.78145,0.73322,0.76288,0.66451,0.89344,0.8801,0.23442,0.24379,0.26767,0.25412
YUM,0.7823,1.0,0.7156,0.76785,0.73046,0.82405,0.72935,0.75529,0.66546,0.8677,0.85341,1.0,0.82416,0.18903,0.23919,0.19967,0.21826
ZBH,0.64721,0.6839,0.89551,0.94219,0.91527,0.92312,0.82996,0.80593,0.80854,0.81485,0.93431,0.80741,0.77322,0.26325,0.27696,0.23809,0.2217
ZBRA,0.74256,0.74404,0.84522,0.76053,0.81943,0.82954,0.88449,0.88215,0.88704,0.7041,0.85709,0.88833,0.72013,0.24796,0.24639,0.26044,0.24521
ZTS,0.76297,0.85001,0.70645,0.646,0.68938,0.74985,0.92509,0.85615,0.80524,0.73775,0.84422,0.93702,0.75194,0.26342,0.22608,0.22263,0.28787
